name,email,address,age,VIN
Geoffrey Bennett,carrcarlos@example.org,"024 Mckay Ports
North Jerryview, WA 63710",30,1HGBH41JXMN109186
Erin Glenn,tgarner@example.net,"6872 Edgar Run
North Kimberly, IA 96363",25,3VWML7AJ9CM670208
Richard Larson,kiddcarlos@example.net,"96279 Scott Mountains Suite 011
South Michaelshire, IL 76691",40,WBAVB13516PT12345
Jessica Hodges,nmcgee@example.org,"7046 Robles Burgs Suite 735
North Kristinfort, PR 27373",35,2G1WH55K429155174
Christopher Dorsey,littleamber@example.com,"63322 Henderson Circles
New Melanieshire, MN 01391",45,1HGEM22994L013958
Edward Garza,michelle34@example.org,"2186 Brian Island Suite 916
Victoriabury, IA 87420",28,JTHBK1EG4D2466924
Tyrone Bartlett,uesparza@example.org,"6551 Boyer Camp
Rhondamouth, KS 41523",22,1G1BL52P9TR178100
Terry Silva,kellihicks@example.net,"45824 Jensen Keys Suite 927
South Brian, MD 30171",48,1G1ZC5EB8BF137512
Kim Tanner,nancy57@example.org,"905 Valerie Freeway
Janiceburgh, GA 66734",38,5N1AT2MK8FC863252
Dylan Chapman,amandajohnston@example.org,"4368 Richard Manor
Leetown, FL 15764",29,1N4AA5AP2EC430785
Melissa Hunt,malloryreynolds@example.org,"32284 Gonzalez Light
South Richard, WY 38049",31,1G1ZD5E78BF266133
Clinton Taylor,beth01@example.net,"Unit 0983 Box 6154
DPO AE 76990",26,5GAEV237X8J112197
Darlene Morales,isantos@example.org,"003 Rangel Cliff Suite 694
Port Charles, MH 80357",42,2HNYD2H68AH548567
Alex Harrington,tinahenderson@example.net,"6061 Davis Lock Apt. 001
Martinside, TX 80841",33,1N6AA0EJ5EN507556
Noah Buchanan,jfields@example.com,"9956 Gonzalez Mountains
Port Bradstad, IA 53199",39,5FNRL3H77CB032408
Vanessa Conway,zreyes@example.org,"85694 Richard Grove
Melissaside, PW 22287",27,3D7JB1EK4BG587896
Catherine Riley,ununez@example.com,"6681 Brenda Lights Apt. 067
Port Tammyborough, VT 24128",47,1G4HP52K85U177122
Jacqueline Byrd,martindavid@example.net,"698 Christopher Forest Apt. 294
North Kimberlymouth, ND 96961",24,1FTEX1EM0GKF06530
Jessica Brown,ydavis@example.com,"7376 Tiffany Estates Suite 921
Youngtown, MS 23366",37,1G11C5SL3FF221785
Dr. Kaitlin Young,zcoleman@example.net,"223 Lee Manor
Walkershire, CA 83683",31,JN1CV6AR7CM974509
Lisa Lucas,thompsonjoseph@example.org,"73165 Sawyer Shoal Suite 535
Ashleystad, SC 32057",28,1GNSCBE00ER123456
David Green,gomezkim@example.com,"530 Daniel Key
New Karatown, KS 36435",43,1G1NE52M4W6187994
Sheri Mcfarland,kramirez@example.net,"097 Donald Valleys Suite 687
Devinview, AZ 46448",33,1J4GL58K24W137265
Andrew Wright,richardjones@example.com,"986 Shane Well
Lake Victoria, MH 21755",26,1C3CCBBB7CN248865
Sheila Blackburn,smithjeffrey@example.net,"911 Mason Plaza
Stewarthaven, WA 69646",40,5J6YH1H56BL001278
Caleb Boyle,ruthnelson@example.net,"7008 Howard Hills
East Kellyborough, WV 94304",30,1C4RJEAGXEC224947
Timothy Fisher,ahoffman@example.org,"PSC 4854, Box 7419
APO AE 30853",27,1HGCP2F81CA224473
